simulation_id,sim_type,roster,agent,w,eps,c,convergence_round
1,1v3,Random | Random | Random | Leader Copier,Random 1,10,0.005,3,38
1,1v3,Random | Random | Random | Leader Copier,Random 1,10,0.01,3,26
1,1v3,Random | Random | Random | Leader Copier,Random 1,10,0.02,3,21
1,1v3,Random | Random | Random | Leader Copier,Random 1,20,0.005,5,54
1,1v3,Random | Random | Random | Leader Copier,Random 1,20,0.01,5,44
1,1v3,Random | Random | Random | Leader Copier,Random 1,20,0.02,5,34
1,1v3,Random | Random | Random | Leader Copier,Random 1,30,0.005,7,69
1,1v3,Random | Random | Random | Leader Copier,Random 1,30,0.01,7,55
1,1v3,Random | Random | Random | Leader Copier,Random 1,30,0.02,7,45
1,1v3,Random | Random | Random | Leader Copier,Random 2,10,0.005,3,35
1,1v3,Random | Random | Random | Leader Copier,Random 2,10,0.01,3,26
1,1v3,Random | Random | Random | Leader Copier,Random 2,10,0.02,3,21
1,1v3,Random | Random | Random | Leader Copier,Random 2,20,0.005,5,51
1,1v3,Random | Random | Random | Leader Copier,Random 2,20,0.01,5,40
1,1v3,Random | Random | Random | Leader Copier,Random 2,20,0.02,5,33
1,1v3,Random | Random | Random | Leader Copier,Random 2,30,0.005,7,70
1,1v3,Random | Random | Random | Leader Copier,Random 2,30,0.01,7,54
1,1v3,Random | Random | Random | Leader Copier,Random 2,30,0.02,7,44
1,1v3,Random | Random | Random | Leader Copier,Random 3,10,0.005,3,35
1,1v3,Random | Random | Random | Leader Copier,Random 3,10,0.01,3,28
1,1v3,Random | Random | Random | Leader Copier,Random 3,10,0.02,3,20
1,1v3,Random | Random | Random | Leader Copier,Random 3,20,0.005,5,53
1,1v3,Random | Random | Random | Leader Copier,Random 3,20,0.01,5,41
1,1v3,Random | Random | Random | Leader Copier,Random 3,20,0.02,5,33
1,1v3,Random | Random | Random | Leader Copier,Random 3,30,0.005,7,67
1,1v3,Random | Random | Random | Leader Copier,Random 3,30,0.01,7,54
1,1v3,Random | Random | Random | Leader Copier,Random 3,30,0.02,7,45
1,1v3,Random | Random | Random | Leader Copier,Leader Copier,10,0.005,3,73
1,1v3,Random | Random | Random | Leader Copier,Leader Copier,10,0.01,3,47
1,1v3,Random | Random | Random | Leader Copier,Leader Copier,10,0.02,3,31
1,1v3,Random | Random | Random | Leader Copier,Leader Copier,20,0.005,5,
1,1v3,Random | Random | Random | Leader Copier,Leader Copier,20,0.01,5,78
1,1v3,Random | Random | Random | Leader Copier,Leader Copier,20,0.02,5,53
1,1v3,Random | Random | Random | Leader Copier,Leader Copier,30,0.005,7,
1,1v3,Random | Random | Random | Leader Copier,Leader Copier,30,0.01,7,
1,1v3,Random | Random | Random | Leader Copier,Leader Copier,30,0.02,7,73
2,1v3,Random | Random | Random | Self Copier,Random 1,10,0.005,3,36
2,1v3,Random | Random | Random | Self Copier,Random 1,10,0.01,3,24
2,1v3,Random | Random | Random | Self Copier,Random 1,10,0.02,3,20
2,1v3,Random | Random | Random | Self Copier,Random 1,20,0.005,5,53
2,1v3,Random | Random | Random | Self Copier,Random 1,20,0.01,5,40
2,1v3,Random | Random | Random | Self Copier,Random 1,20,0.02,5,32
2,1v3,Random | Random | Random | Self Copier,Random 1,30,0.005,7,63
2,1v3,Random | Random | Random | Self Copier,Random 1,30,0.01,7,54
2,1v3,Random | Random | Random | Self Copier,Random 1,30,0.02,7,43
2,1v3,Random | Random | Random | Self Copier,Random 2,10,0.005,3,33
2,1v3,Random | Random | Random | Self Copier,Random 2,10,0.01,3,26
2,1v3,Random | Random | Random | Self Copier,Random 2,10,0.02,3,20
2,1v3,Random | Random | Random | Self Copier,Random 2,20,0.005,5,52
2,1v3,Random | Random | Random | Self Copier,Random 2,20,0.01,5,39
2,1v3,Random | Random | Random | Self Copier,Random 2,20,0.02,5,33
2,1v3,Random | Random | Random | Self Copier,Random 2,30,0.005,7,71
2,1v3,Random | Random | Random | Self Copier,Random 2,30,0.01,7,52
2,1v3,Random | Random | Random | Self Copier,Random 2,30,0.02,7,44
2,1v3,Random | Random | Random | Self Copier,Random 3,10,0.005,3,37
2,1v3,Random | Random | Random | Self Copier,Random 3,10,0.01,3,26
2,1v3,Random | Random | Random | Self Copier,Random 3,10,0.02,3,20
2,1v3,Random | Random | Random | Self Copier,Random 3,20,0.005,5,49
2,1v3,Random | Random | Random | Self Copier,Random 3,20,0.01,5,40
2,1v3,Random | Random | Random | Self Copier,Random 3,20,0.02,5,33
2,1v3,Random | Random | Random | Self Copier,Random 3,30,0.005,7,64
2,1v3,Random | Random | Random | Self Copier,Random 3,30,0.01,7,53
2,1v3,Random | Random | Random | Self Copier,Random 3,30,0.02,7,44
2,1v3,Random | Random | Random | Self Copier,Self Copier,10,0.005,3,39
2,1v3,Random | Random | Random | Self Copier,Self Copier,10,0.01,3,30
2,1v3,Random | Random | Random | Self Copier,Self Copier,10,0.02,3,23
2,1v3,Random | Random | Random | Self Copier,Self Copier,20,0.005,5,62
2,1v3,Random | Random | Random | Self Copier,Self Copier,20,0.01,5,47
2,1v3,Random | Random | Random | Self Copier,Self Copier,20,0.02,5,37
2,1v3,Random | Random | Random | Self Copier,Self Copier,30,0.005,7,75
2,1v3,Random | Random | Random | Self Copier,Self Copier,30,0.01,7,61
2,1v3,Random | Random | Random | Self Copier,Self Copier,30,0.02,7,49
3,1v3,Random | Random | Random | Frequency Copier,Random 1,10,0.005,3,34
3,1v3,Random | Random | Random | Frequency Copier,Random 1,10,0.01,3,25
3,1v3,Random | Random | Random | Frequency Copier,Random 1,10,0.02,3,20
3,1v3,Random | Random | Random | Frequency Copier,Random 1,20,0.005,5,53
3,1v3,Random | Random | Random | Frequency Copier,Random 1,20,0.01,5,40
3,1v3,Random | Random | Random | Frequency Copier,Random 1,20,0.02,5,32
3,1v3,Random | Random | Random | Frequency Copier,Random 1,30,0.005,7,67
3,1v3,Random | Random | Random | Frequency Copier,Random 1,30,0.01,7,53
3,1v3,Random | Random | Random | Frequency Copier,Random 1,30,0.02,7,44
3,1v3,Random | Random | Random | Frequency Copier,Random 2,10,0.005,3,34
3,1v3,Random | Random | Random | Frequency Copier,Random 2,10,0.01,3,26
3,1v3,Random | Random | Random | Frequency Copier,Random 2,10,0.02,3,20
3,1v3,Random | Random | Random | Frequency Copier,Random 2,20,0.005,5,53
3,1v3,Random | Random | Random | Frequency Copier,Random 2,20,0.01,5,40
3,1v3,Random | Random | Random | Frequency Copier,Random 2,20,0.02,5,33
3,1v3,Random | Random | Random | Frequency Copier,Random 2,30,0.005,7,64
3,1v3,Random | Random | Random | Frequency Copier,Random 2,30,0.01,7,53
3,1v3,Random | Random | Random | Frequency Copier,Random 2,30,0.02,7,44
3,1v3,Random | Random | Random | Frequency Copier,Random 3,10,0.005,3,37
3,1v3,Random | Random | Random | Frequency Copier,Random 3,10,0.01,3,26
3,1v3,Random | Random | Random | Frequency Copier,Random 3,10,0.02,3,20
3,1v3,Random | Random | Random | Frequency Copier,Random 3,20,0.005,5,53
3,1v3,Random | Random | Random | Frequency Copier,Random 3,20,0.01,5,43
3,1v3,Random | Random | Random | Frequency Copier,Random 3,20,0.02,5,33
3,1v3,Random | Random | Random | Frequency Copier,Random 3,30,0.005,7,67
3,1v3,Random | Random | Random | Frequency Copier,Random 3,30,0.01,7,55
3,1v3,Random | Random | Random | Frequency Copier,Random 3,30,0.02,7,45
3,1v3,Random | Random | Random | Frequency Copier,Frequency Copier,10,0.005,3,21
3,1v3,Random | Random | Random | Frequency Copier,Frequency Copier,10,0.01,3,15
3,1v3,Random | Random | Random | Frequency Copier,Frequency Copier,10,0.02,3,13
3,1v3,Random | Random | Random | Frequency Copier,Frequency Copier,20,0.005,5,35
3,1v3,Random | Random | Random | Frequency Copier,Frequency Copier,20,0.01,5,26
3,1v3,Random | Random | Random | Frequency Copier,Frequency Copier,20,0.02,5,24
3,1v3,Random | Random | Random | Frequency Copier,Frequency Copier,30,0.005,7,47
3,1v3,Random | Random | Random | Frequency Copier,Frequency Copier,30,0.01,7,37
3,1v3,Random | Random | Random | Frequency Copier,Frequency Copier,30,0.02,7,34
4,1v3,Random | Random | Random | Anti Copier,Random 1,10,0.005,3,34
4,1v3,Random | Random | Random | Anti Copier,Random 1,10,0.01,3,27
4,1v3,Random | Random | Random | Anti Copier,Random 1,10,0.02,3,21
4,1v3,Random | Random | Random | Anti Copier,Random 1,20,0.005,5,53
4,1v3,Random | Random | Random | Anti Copier,Random 1,20,0.01,5,41
4,1v3,Random | Random | Random | Anti Copier,Random 1,20,0.02,5,33
4,1v3,Random | Random | Random | Anti Copier,Random 1,30,0.005,7,68
4,1v3,Random | Random | Random | Anti Copier,Random 1,30,0.01,7,54
4,1v3,Random | Random | Random | Anti Copier,Random 1,30,0.02,7,45
4,1v3,Random | Random | Random | Anti Copier,Random 2,10,0.005,3,32
4,1v3,Random | Random | Random | Anti Copier,Random 2,10,0.01,3,25
4,1v3,Random | Random | Random | Anti Copier,Random 2,10,0.02,3,20
4,1v3,Random | Random | Random | Anti Copier,Random 2,20,0.005,5,48
4,1v3,Random | Random | Random | Anti Copier,Random 2,20,0.01,5,38
4,1v3,Random | Random | Random | Anti Copier,Random 2,20,0.02,5,32
4,1v3,Random | Random | Random | Anti Copier,Random 2,30,0.005,7,62
4,1v3,Random | Random | Random | Anti Copier,Random 2,30,0.01,7,49
4,1v3,Random | Random | Random | Anti Copier,Random 2,30,0.02,7,43
4,1v3,Random | Random | Random | Anti Copier,Random 3,10,0.005,3,34
4,1v3,Random | Random | Random | Anti Copier,Random 3,10,0.01,3,28
4,1v3,Random | Random | Random | Anti Copier,Random 3,10,0.02,3,21
4,1v3,Random | Random | Random | Anti Copier,Random 3,20,0.005,5,52
4,1v3,Random | Random | Random | Anti Copier,Random 3,20,0.01,5,42
4,1v3,Random | Random | Random | Anti Copier,Random 3,20,0.02,5,34
4,1v3,Random | Random | Random | Anti Copier,Random 3,30,0.005,7,72
4,1v3,Random | Random | Random | Anti Copier,Random 3,30,0.01,7,54
4,1v3,Random | Random | Random | Anti Copier,Random 3,30,0.02,7,46
4,1v3,Random | Random | Random | Anti Copier,Anti Copier,10,0.005,3,48
4,1v3,Random | Random | Random | Anti Copier,Anti Copier,10,0.01,3,34
4,1v3,Random | Random | Random | Anti Copier,Anti Copier,10,0.02,3,26
4,1v3,Random | Random | Random | Anti Copier,Anti Copier,20,0.005,5,68
4,1v3,Random | Random | Random | Anti Copier,Anti Copier,20,0.01,5,53
4,1v3,Random | Random | Random | Anti Copier,Anti Copier,20,0.02,5,41
4,1v3,Random | Random | Random | Anti Copier,Anti Copier,30,0.005,7,86
4,1v3,Random | Random | Random | Anti Copier,Anti Copier,30,0.01,7,68
4,1v3,Random | Random | Random | Anti Copier,Anti Copier,30,0.02,7,54
5,2v2,Random | Random | Leader Copier | Self Copier,Random 1,10,0.005,3,23
5,2v2,Random | Random | Leader Copier | Self Copier,Random 1,10,0.01,3,20
5,2v2,Random | Random | Leader Copier | Self Copier,Random 1,10,0.02,3,17
5,2v2,Random | Random | Leader Copier | Self Copier,Random 1,20,0.005,5,33
5,2v2,Random | Random | Leader Copier | Self Copier,Random 1,20,0.01,5,30
5,2v2,Random | Random | Leader Copier | Self Copier,Random 1,20,0.02,5,27
5,2v2,Random | Random | Leader Copier | Self Copier,Random 1,30,0.005,7,41
5,2v2,Random | Random | Leader Copier | Self Copier,Random 1,30,0.01,7,39
5,2v2,Random | Random | Leader Copier | Self Copier,Random 1,30,0.02,7,37
5,2v2,Random | Random | Leader Copier | Self Copier,Random 2,10,0.005,3,23
5,2v2,Random | Random | Leader Copier | Self Copier,Random 2,10,0.01,3,19
5,2v2,Random | Random | Leader Copier | Self Copier,Random 2,10,0.02,3,16
5,2v2,Random | Random | Leader Copier | Self Copier,Random 2,20,0.005,5,32
5,2v2,Random | Random | Leader Copier | Self Copier,Random 2,20,0.01,5,29
5,2v2,Random | Random | Leader Copier | Self Copier,Random 2,20,0.02,5,27
5,2v2,Random | Random | Leader Copier | Self Copier,Random 2,30,0.005,7,41
5,2v2,Random | Random | Leader Copier | Self Copier,Random 2,30,0.01,7,39
5,2v2,Random | Random | Leader Copier | Self Copier,Random 2,30,0.02,7,36
5,2v2,Random | Random | Leader Copier | Self Copier,Leader Copier,10,0.005,3,36
5,2v2,Random | Random | Leader Copier | Self Copier,Leader Copier,10,0.01,3,28
5,2v2,Random | Random | Leader Copier | Self Copier,Leader Copier,10,0.02,3,21
5,2v2,Random | Random | Leader Copier | Self Copier,Leader Copier,20,0.005,5,47
5,2v2,Random | Random | Leader Copier | Self Copier,Leader Copier,20,0.01,5,41
5,2v2,Random | Random | Leader Copier | Self Copier,Leader Copier,20,0.02,5,35
5,2v2,Random | Random | Leader Copier | Self Copier,Leader Copier,30,0.005,7,57
5,2v2,Random | Random | Leader Copier | Self Copier,Leader Copier,30,0.01,7,51
5,2v2,Random | Random | Leader Copier | Self Copier,Leader Copier,30,0.02,7,45
5,2v2,Random | Random | Leader Copier | Self Copier,Self Copier,10,0.005,3,28
5,2v2,Random | Random | Leader Copier | Self Copier,Self Copier,10,0.01,3,23
5,2v2,Random | Random | Leader Copier | Self Copier,Self Copier,10,0.02,3,19
5,2v2,Random | Random | Leader Copier | Self Copier,Self Copier,20,0.005,5,37
5,2v2,Random | Random | Leader Copier | Self Copier,Self Copier,20,0.01,5,34
5,2v2,Random | Random | Leader Copier | Self Copier,Self Copier,20,0.02,5,30
5,2v2,Random | Random | Leader Copier | Self Copier,Self Copier,30,0.005,7,46
5,2v2,Random | Random | Leader Copier | Self Copier,Self Copier,30,0.01,7,43
5,2v2,Random | Random | Leader Copier | Self Copier,Self Copier,30,0.02,7,40
6,2v2,Random | Random | Leader Copier | Frequency Copier,Random 1,10,0.005,3,19
6,2v2,Random | Random | Leader Copier | Frequency Copier,Random 1,10,0.01,3,17
6,2v2,Random | Random | Leader Copier | Frequency Copier,Random 1,10,0.02,3,15
6,2v2,Random | Random | Leader Copier | Frequency Copier,Random 1,20,0.005,5,88
6,2v2,Random | Random | Leader Copier | Frequency Copier,Random 1,20,0.01,5,26
6,2v2,Random | Random | Leader Copier | Frequency Copier,Random 1,20,0.02,5,25
6,2v2,Random | Random | Leader Copier | Frequency Copier,Random 1,30,0.005,7,
6,2v2,Random | Random | Leader Copier | Frequency Copier,Random 1,30,0.01,7,35
6,2v2,Random | Random | Leader Copier | Frequency Copier,Random 1,30,0.02,7,34
6,2v2,Random | Random | Leader Copier | Frequency Copier,Random 2,10,0.005,3,20
6,2v2,Random | Random | Leader Copier | Frequency Copier,Random 2,10,0.01,3,17
6,2v2,Random | Random | Leader Copier | Frequency Copier,Random 2,10,0.02,3,16
6,2v2,Random | Random | Leader Copier | Frequency Copier,Random 2,20,0.005,5,28
6,2v2,Random | Random | Leader Copier | Frequency Copier,Random 2,20,0.01,5,27
6,2v2,Random | Random | Leader Copier | Frequency Copier,Random 2,20,0.02,5,25
6,2v2,Random | Random | Leader Copier | Frequency Copier,Random 2,30,0.005,7,
6,2v2,Random | Random | Leader Copier | Frequency Copier,Random 2,30,0.01,7,36
6,2v2,Random | Random | Leader Copier | Frequency Copier,Random 2,30,0.02,7,35
6,2v2,Random | Random | Leader Copier | Frequency Copier,Leader Copier,10,0.005,3,21
6,2v2,Random | Random | Leader Copier | Frequency Copier,Leader Copier,10,0.01,3,20
6,2v2,Random | Random | Leader Copier | Frequency Copier,Leader Copier,10,0.02,3,18
6,2v2,Random | Random | Leader Copier | Frequency Copier,Leader Copier,20,0.005,5,
6,2v2,Random | Random | Leader Copier | Frequency Copier,Leader Copier,20,0.01,5,28
6,2v2,Random | Random | Leader Copier | Frequency Copier,Leader Copier,20,0.02,5,27
6,2v2,Random | Random | Leader Copier | Frequency Copier,Leader Copier,30,0.005,7,
6,2v2,Random | Random | Leader Copier | Frequency Copier,Leader Copier,30,0.01,7,
6,2v2,Random | Random | Leader Copier | Frequency Copier,Leader Copier,30,0.02,7,36
6,2v2,Random | Random | Leader Copier | Frequency Copier,Frequency Copier,10,0.005,3,20
6,2v2,Random | Random | Leader Copier | Frequency Copier,Frequency Copier,10,0.01,3,15
6,2v2,Random | Random | Leader Copier | Frequency Copier,Frequency Copier,10,0.02,3,14
6,2v2,Random | Random | Leader Copier | Frequency Copier,Frequency Copier,20,0.005,5,30
6,2v2,Random | Random | Leader Copier | Frequency Copier,Frequency Copier,20,0.01,5,27
6,2v2,Random | Random | Leader Copier | Frequency Copier,Frequency Copier,20,0.02,5,24
6,2v2,Random | Random | Leader Copier | Frequency Copier,Frequency Copier,30,0.005,7,44
6,2v2,Random | Random | Leader Copier | Frequency Copier,Frequency Copier,30,0.01,7,37
6,2v2,Random | Random | Leader Copier | Frequency Copier,Frequency Copier,30,0.02,7,34
7,2v2,Random | Random | Leader Copier | Anti Copier,Random 1,10,0.005,3,21
7,2v2,Random | Random | Leader Copier | Anti Copier,Random 1,10,0.01,3,19
7,2v2,Random | Random | Leader Copier | Anti Copier,Random 1,10,0.02,3,17
7,2v2,Random | Random | Leader Copier | Anti Copier,Random 1,20,0.005,5,31
7,2v2,Random | Random | Leader Copier | Anti Copier,Random 1,20,0.01,5,29
7,2v2,Random | Random | Leader Copier | Anti Copier,Random 1,20,0.02,5,27
7,2v2,Random | Random | Leader Copier | Anti Copier,Random 1,30,0.005,7,41
7,2v2,Random | Random | Leader Copier | Anti Copier,Random 1,30,0.01,7,39
7,2v2,Random | Random | Leader Copier | Anti Copier,Random 1,30,0.02,7,37
7,2v2,Random | Random | Leader Copier | Anti Copier,Random 2,10,0.005,3,23
7,2v2,Random | Random | Leader Copier | Anti Copier,Random 2,10,0.01,3,20
7,2v2,Random | Random | Leader Copier | Anti Copier,Random 2,10,0.02,3,17
7,2v2,Random | Random | Leader Copier | Anti Copier,Random 2,20,0.005,5,34
7,2v2,Random | Random | Leader Copier | Anti Copier,Random 2,20,0.01,5,30
7,2v2,Random | Random | Leader Copier | Anti Copier,Random 2,20,0.02,5,27
7,2v2,Random | Random | Leader Copier | Anti Copier,Random 2,30,0.005,7,44
7,2v2,Random | Random | Leader Copier | Anti Copier,Random 2,30,0.01,7,41
7,2v2,Random | Random | Leader Copier | Anti Copier,Random 2,30,0.02,7,37
7,2v2,Random | Random | Leader Copier | Anti Copier,Leader Copier,10,0.005,3,62
7,2v2,Random | Random | Leader Copier | Anti Copier,Leader Copier,10,0.01,3,45
7,2v2,Random | Random | Leader Copier | Anti Copier,Leader Copier,10,0.02,3,32
7,2v2,Random | Random | Leader Copier | Anti Copier,Leader Copier,20,0.005,5,87
7,2v2,Random | Random | Leader Copier | Anti Copier,Leader Copier,20,0.01,5,67
7,2v2,Random | Random | Leader Copier | Anti Copier,Leader Copier,20,0.02,5,51
7,2v2,Random | Random | Leader Copier | Anti Copier,Leader Copier,30,0.005,7,
7,2v2,Random | Random | Leader Copier | Anti Copier,Leader Copier,30,0.01,7,85
7,2v2,Random | Random | Leader Copier | Anti Copier,Leader Copier,30,0.02,7,66
7,2v2,Random | Random | Leader Copier | Anti Copier,Anti Copier,10,0.005,3,45
7,2v2,Random | Random | Leader Copier | Anti Copier,Anti Copier,10,0.01,3,35
7,2v2,Random | Random | Leader Copier | Anti Copier,Anti Copier,10,0.02,3,27
7,2v2,Random | Random | Leader Copier | Anti Copier,Anti Copier,20,0.005,5,71
7,2v2,Random | Random | Leader Copier | Anti Copier,Anti Copier,20,0.01,5,52
7,2v2,Random | Random | Leader Copier | Anti Copier,Anti Copier,20,0.02,5,41
7,2v2,Random | Random | Leader Copier | Anti Copier,Anti Copier,30,0.005,7,87
7,2v2,Random | Random | Leader Copier | Anti Copier,Anti Copier,30,0.01,7,68
7,2v2,Random | Random | Leader Copier | Anti Copier,Anti Copier,30,0.02,7,54
8,2v2,Random | Random | Self Copier | Frequency Copier,Random 1,10,0.005,3,33
8,2v2,Random | Random | Self Copier | Frequency Copier,Random 1,10,0.01,3,24
8,2v2,Random | Random | Self Copier | Frequency Copier,Random 1,10,0.02,3,18
8,2v2,Random | Random | Self Copier | Frequency Copier,Random 1,20,0.005,5,48
8,2v2,Random | Random | Self Copier | Frequency Copier,Random 1,20,0.01,5,38
8,2v2,Random | Random | Self Copier | Frequency Copier,Random 1,20,0.02,5,31
8,2v2,Random | Random | Self Copier | Frequency Copier,Random 1,30,0.005,7,63
8,2v2,Random | Random | Self Copier | Frequency Copier,Random 1,30,0.01,7,52
8,2v2,Random | Random | Self Copier | Frequency Copier,Random 1,30,0.02,7,42
8,2v2,Random | Random | Self Copier | Frequency Copier,Random 2,10,0.005,3,32
8,2v2,Random | Random | Self Copier | Frequency Copier,Random 2,10,0.01,3,24
8,2v2,Random | Random | Self Copier | Frequency Copier,Random 2,10,0.02,3,20
8,2v2,Random | Random | Self Copier | Frequency Copier,Random 2,20,0.005,5,48
8,2v2,Random | Random | Self Copier | Frequency Copier,Random 2,20,0.01,5,38
8,2v2,Random | Random | Self Copier | Frequency Copier,Random 2,20,0.02,5,32
8,2v2,Random | Random | Self Copier | Frequency Copier,Random 2,30,0.005,7,63
8,2v2,Random | Random | Self Copier | Frequency Copier,Random 2,30,0.01,7,50
8,2v2,Random | Random | Self Copier | Frequency Copier,Random 2,30,0.02,7,43
8,2v2,Random | Random | Self Copier | Frequency Copier,Self Copier,10,0.005,3,27
8,2v2,Random | Random | Self Copier | Frequency Copier,Self Copier,10,0.01,3,21
8,2v2,Random | Random | Self Copier | Frequency Copier,Self Copier,10,0.02,3,13
8,2v2,Random | Random | Self Copier | Frequency Copier,Self Copier,20,0.005,5,40
8,2v2,Random | Random | Self Copier | Frequency Copier,Self Copier,20,0.01,5,33
8,2v2,Random | Random | Self Copier | Frequency Copier,Self Copier,20,0.02,5,28
8,2v2,Random | Random | Self Copier | Frequency Copier,Self Copier,30,0.005,7,53
8,2v2,Random | Random | Self Copier | Frequency Copier,Self Copier,30,0.01,7,44
8,2v2,Random | Random | Self Copier | Frequency Copier,Self Copier,30,0.02,7,38
8,2v2,Random | Random | Self Copier | Frequency Copier,Frequency Copier,10,0.005,3,20
8,2v2,Random | Random | Self Copier | Frequency Copier,Frequency Copier,10,0.01,3,17
8,2v2,Random | Random | Self Copier | Frequency Copier,Frequency Copier,10,0.02,3,15
8,2v2,Random | Random | Self Copier | Frequency Copier,Frequency Copier,20,0.005,5,33
8,2v2,Random | Random | Self Copier | Frequency Copier,Frequency Copier,20,0.01,5,27
8,2v2,Random | Random | Self Copier | Frequency Copier,Frequency Copier,20,0.02,5,25
8,2v2,Random | Random | Self Copier | Frequency Copier,Frequency Copier,30,0.005,7,45
8,2v2,Random | Random | Self Copier | Frequency Copier,Frequency Copier,30,0.01,7,39
8,2v2,Random | Random | Self Copier | Frequency Copier,Frequency Copier,30,0.02,7,35
9,2v2,Random | Random | Self Copier | Anti Copier,Random 1,10,0.005,3,34
9,2v2,Random | Random | Self Copier | Anti Copier,Random 1,10,0.01,3,24
9,2v2,Random | Random | Self Copier | Anti Copier,Random 1,10,0.02,3,19
9,2v2,Random | Random | Self Copier | Anti Copier,Random 1,20,0.005,5,51
9,2v2,Random | Random | Self Copier | Anti Copier,Random 1,20,0.01,5,38
9,2v2,Random | Random | Self Copier | Anti Copier,Random 1,20,0.02,5,31
9,2v2,Random | Random | Self Copier | Anti Copier,Random 1,30,0.005,7,65
9,2v2,Random | Random | Self Copier | Anti Copier,Random 1,30,0.01,7,51
9,2v2,Random | Random | Self Copier | Anti Copier,Random 1,30,0.02,7,42
9,2v2,Random | Random | Self Copier | Anti Copier,Random 2,10,0.005,3,30
9,2v2,Random | Random | Self Copier | Anti Copier,Random 2,10,0.01,3,26
9,2v2,Random | Random | Self Copier | Anti Copier,Random 2,10,0.02,3,20
9,2v2,Random | Random | Self Copier | Anti Copier,Random 2,20,0.005,5,55
9,2v2,Random | Random | Self Copier | Anti Copier,Random 2,20,0.01,5,39
9,2v2,Random | Random | Self Copier | Anti Copier,Random 2,20,0.02,5,31
9,2v2,Random | Random | Self Copier | Anti Copier,Random 2,30,0.005,7,75
9,2v2,Random | Random | Self Copier | Anti Copier,Random 2,30,0.01,7,51
9,2v2,Random | Random | Self Copier | Anti Copier,Random 2,30,0.02,7,43
9,2v2,Random | Random | Self Copier | Anti Copier,Self Copier,10,0.005,3,40
9,2v2,Random | Random | Self Copier | Anti Copier,Self Copier,10,0.01,3,29
9,2v2,Random | Random | Self Copier | Anti Copier,Self Copier,10,0.02,3,23
9,2v2,Random | Random | Self Copier | Anti Copier,Self Copier,20,0.005,5,62
9,2v2,Random | Random | Self Copier | Anti Copier,Self Copier,20,0.01,5,46
9,2v2,Random | Random | Self Copier | Anti Copier,Self Copier,20,0.02,5,36
9,2v2,Random | Random | Self Copier | Anti Copier,Self Copier,30,0.005,7,80
9,2v2,Random | Random | Self Copier | Anti Copier,Self Copier,30,0.01,7,61
9,2v2,Random | Random | Self Copier | Anti Copier,Self Copier,30,0.02,7,48
9,2v2,Random | Random | Self Copier | Anti Copier,Anti Copier,10,0.005,3,48
9,2v2,Random | Random | Self Copier | Anti Copier,Anti Copier,10,0.01,3,35
9,2v2,Random | Random | Self Copier | Anti Copier,Anti Copier,10,0.02,3,27
9,2v2,Random | Random | Self Copier | Anti Copier,Anti Copier,20,0.005,5,69
9,2v2,Random | Random | Self Copier | Anti Copier,Anti Copier,20,0.01,5,52
9,2v2,Random | Random | Self Copier | Anti Copier,Anti Copier,20,0.02,5,41
9,2v2,Random | Random | Self Copier | Anti Copier,Anti Copier,30,0.005,7,90
9,2v2,Random | Random | Self Copier | Anti Copier,Anti Copier,30,0.01,7,69
9,2v2,Random | Random | Self Copier | Anti Copier,Anti Copier,30,0.02,7,54
10,2v2,Random | Random | Frequency Copier | Anti Copier,Random 1,10,0.005,3,36
10,2v2,Random | Random | Frequency Copier | Anti Copier,Random 1,10,0.01,3,29
10,2v2,Random | Random | Frequency Copier | Anti Copier,Random 1,10,0.02,3,23
10,2v2,Random | Random | Frequency Copier | Anti Copier,Random 1,20,0.005,5,52
10,2v2,Random | Random | Frequency Copier | Anti Copier,Random 1,20,0.01,5,43
10,2v2,Random | Random | Frequency Copier | Anti Copier,Random 1,20,0.02,5,35
10,2v2,Random | Random | Frequency Copier | Anti Copier,Random 1,30,0.005,7,71
10,2v2,Random | Random | Frequency Copier | Anti Copier,Random 1,30,0.01,7,56
10,2v2,Random | Random | Frequency Copier | Anti Copier,Random 1,30,0.02,7,46
10,2v2,Random | Random | Frequency Copier | Anti Copier,Random 2,10,0.005,3,40
10,2v2,Random | Random | Frequency Copier | Anti Copier,Random 2,10,0.01,3,29
10,2v2,Random | Random | Frequency Copier | Anti Copier,Random 2,10,0.02,3,23
10,2v2,Random | Random | Frequency Copier | Anti Copier,Random 2,20,0.005,5,60
10,2v2,Random | Random | Frequency Copier | Anti Copier,Random 2,20,0.01,5,46
10,2v2,Random | Random | Frequency Copier | Anti Copier,Random 2,20,0.02,5,35
10,2v2,Random | Random | Frequency Copier | Anti Copier,Random 2,30,0.005,7,76
10,2v2,Random | Random | Frequency Copier | Anti Copier,Random 2,30,0.01,7,60
10,2v2,Random | Random | Frequency Copier | Anti Copier,Random 2,30,0.02,7,48
10,2v2,Random | Random | Frequency Copier | Anti Copier,Frequency Copier,10,0.005,3,23
10,2v2,Random | Random | Frequency Copier | Anti Copier,Frequency Copier,10,0.01,3,17
10,2v2,Random | Random | Frequency Copier | Anti Copier,Frequency Copier,10,0.02,3,14
10,2v2,Random | Random | Frequency Copier | Anti Copier,Frequency Copier,20,0.005,5,34
10,2v2,Random | Random | Frequency Copier | Anti Copier,Frequency Copier,20,0.01,5,28
10,2v2,Random | Random | Frequency Copier | Anti Copier,Frequency Copier,20,0.02,5,25
10,2v2,Random | Random | Frequency Copier | Anti Copier,Frequency Copier,30,0.005,7,46
10,2v2,Random | Random | Frequency Copier | Anti Copier,Frequency Copier,30,0.01,7,39
10,2v2,Random | Random | Frequency Copier | Anti Copier,Frequency Copier,30,0.02,7,35
10,2v2,Random | Random | Frequency Copier | Anti Copier,Anti Copier,10,0.005,3,47
10,2v2,Random | Random | Frequency Copier | Anti Copier,Anti Copier,10,0.01,3,35
10,2v2,Random | Random | Frequency Copier | Anti Copier,Anti Copier,10,0.02,3,27
10,2v2,Random | Random | Frequency Copier | Anti Copier,Anti Copier,20,0.005,5,73
10,2v2,Random | Random | Frequency Copier | Anti Copier,Anti Copier,20,0.01,5,54
10,2v2,Random | Random | Frequency Copier | Anti Copier,Anti Copier,20,0.02,5,41
10,2v2,Random | Random | Frequency Copier | Anti Copier,Anti Copier,30,0.005,7,94
10,2v2,Random | Random | Frequency Copier | Anti Copier,Anti Copier,30,0.01,7,69
10,2v2,Random | Random | Frequency Copier | Anti Copier,Anti Copier,30,0.02,7,54
11,3v1,Leader Copier | Self Copier | Frequency Copier | Random,Leader Copier,10,0.005,3,59
11,3v1,Leader Copier | Self Copier | Frequency Copier | Random,Leader Copier,10,0.01,3,13
11,3v1,Leader Copier | Self Copier | Frequency Copier | Random,Leader Copier,10,0.02,3,13
11,3v1,Leader Copier | Self Copier | Frequency Copier | Random,Leader Copier,20,0.005,5,72
11,3v1,Leader Copier | Self Copier | Frequency Copier | Random,Leader Copier,20,0.01,5,65
11,3v1,Leader Copier | Self Copier | Frequency Copier | Random,Leader Copier,20,0.02,5,55
11,3v1,Leader Copier | Self Copier | Frequency Copier | Random,Leader Copier,30,0.005,7,83
11,3v1,Leader Copier | Self Copier | Frequency Copier | Random,Leader Copier,30,0.01,7,76
11,3v1,Leader Copier | Self Copier | Frequency Copier | Random,Leader Copier,30,0.02,7,67
11,3v1,Leader Copier | Self Copier | Frequency Copier | Random,Self Copier,10,0.005,3,74
11,3v1,Leader Copier | Self Copier | Frequency Copier | Random,Self Copier,10,0.01,3,18
11,3v1,Leader Copier | Self Copier | Frequency Copier | Random,Self Copier,10,0.02,3,17
11,3v1,Leader Copier | Self Copier | Frequency Copier | Random,Self Copier,20,0.005,5,
11,3v1,Leader Copier | Self Copier | Frequency Copier | Random,Self Copier,20,0.01,5,79
11,3v1,Leader Copier | Self Copier | Frequency Copier | Random,Self Copier,20,0.02,5,64
11,3v1,Leader Copier | Self Copier | Frequency Copier | Random,Self Copier,30,0.005,7,
11,3v1,Leader Copier | Self Copier | Frequency Copier | Random,Self Copier,30,0.01,7,94
11,3v1,Leader Copier | Self Copier | Frequency Copier | Random,Self Copier,30,0.02,7,78
11,3v1,Leader Copier | Self Copier | Frequency Copier | Random,Frequency Copier,10,0.005,3,68
11,3v1,Leader Copier | Self Copier | Frequency Copier | Random,Frequency Copier,10,0.01,3,16
11,3v1,Leader Copier | Self Copier | Frequency Copier | Random,Frequency Copier,10,0.02,3,16
11,3v1,Leader Copier | Self Copier | Frequency Copier | Random,Frequency Copier,20,0.005,5,91
11,3v1,Leader Copier | Self Copier | Frequency Copier | Random,Frequency Copier,20,0.01,5,74
11,3v1,Leader Copier | Self Copier | Frequency Copier | Random,Frequency Copier,20,0.02,5,59
11,3v1,Leader Copier | Self Copier | Frequency Copier | Random,Frequency Copier,30,0.005,7,
11,3v1,Leader Copier | Self Copier | Frequency Copier | Random,Frequency Copier,30,0.01,7,89
11,3v1,Leader Copier | Self Copier | Frequency Copier | Random,Frequency Copier,30,0.02,7,74
11,3v1,Leader Copier | Self Copier | Frequency Copier | Random,Random 1,10,0.005,3,22
11,3v1,Leader Copier | Self Copier | Frequency Copier | Random,Random 1,10,0.01,3,20
11,3v1,Leader Copier | Self Copier | Frequency Copier | Random,Random 1,10,0.02,3,18
11,3v1,Leader Copier | Self Copier | Frequency Copier | Random,Random 1,20,0.005,5,63
11,3v1,Leader Copier | Self Copier | Frequency Copier | Random,Random 1,20,0.01,5,29
11,3v1,Leader Copier | Self Copier | Frequency Copier | Random,Random 1,20,0.02,5,28
11,3v1,Leader Copier | Self Copier | Frequency Copier | Random,Random 1,30,0.005,7,75
11,3v1,Leader Copier | Self Copier | Frequency Copier | Random,Random 1,30,0.01,7,63
11,3v1,Leader Copier | Self Copier | Frequency Copier | Random,Random 1,30,0.02,7,37
12,3v1,Leader Copier | Self Copier | Anti Copier | Random,Leader Copier,10,0.005,3,49
12,3v1,Leader Copier | Self Copier | Anti Copier | Random,Leader Copier,10,0.01,3,34
12,3v1,Leader Copier | Self Copier | Anti Copier | Random,Leader Copier,10,0.02,3,26
12,3v1,Leader Copier | Self Copier | Anti Copier | Random,Leader Copier,20,0.005,5,70
12,3v1,Leader Copier | Self Copier | Anti Copier | Random,Leader Copier,20,0.01,5,54
12,3v1,Leader Copier | Self Copier | Anti Copier | Random,Leader Copier,20,0.02,5,42
12,3v1,Leader Copier | Self Copier | Anti Copier | Random,Leader Copier,30,0.005,7,89
12,3v1,Leader Copier | Self Copier | Anti Copier | Random,Leader Copier,30,0.01,7,69
12,3v1,Leader Copier | Self Copier | Anti Copier | Random,Leader Copier,30,0.02,7,54
12,3v1,Leader Copier | Self Copier | Anti Copier | Random,Self Copier,10,0.005,3,44
12,3v1,Leader Copier | Self Copier | Anti Copier | Random,Self Copier,10,0.01,3,32
12,3v1,Leader Copier | Self Copier | Anti Copier | Random,Self Copier,10,0.02,3,25
12,3v1,Leader Copier | Self Copier | Anti Copier | Random,Self Copier,20,0.005,5,61
12,3v1,Leader Copier | Self Copier | Anti Copier | Random,Self Copier,20,0.01,5,48
12,3v1,Leader Copier | Self Copier | Anti Copier | Random,Self Copier,20,0.02,5,39
12,3v1,Leader Copier | Self Copier | Anti Copier | Random,Self Copier,30,0.005,7,77
12,3v1,Leader Copier | Self Copier | Anti Copier | Random,Self Copier,30,0.01,7,62
12,3v1,Leader Copier | Self Copier | Anti Copier | Random,Self Copier,30,0.02,7,51
12,3v1,Leader Copier | Self Copier | Anti Copier | Random,Anti Copier,10,0.005,3,52
12,3v1,Leader Copier | Self Copier | Anti Copier | Random,Anti Copier,10,0.01,3,39
12,3v1,Leader Copier | Self Copier | Anti Copier | Random,Anti Copier,10,0.02,3,31
12,3v1,Leader Copier | Self Copier | Anti Copier | Random,Anti Copier,20,0.005,5,83
12,3v1,Leader Copier | Self Copier | Anti Copier | Random,Anti Copier,20,0.01,5,59
12,3v1,Leader Copier | Self Copier | Anti Copier | Random,Anti Copier,20,0.02,5,46
12,3v1,Leader Copier | Self Copier | Anti Copier | Random,Anti Copier,30,0.005,7,
12,3v1,Leader Copier | Self Copier | Anti Copier | Random,Anti Copier,30,0.01,7,76
12,3v1,Leader Copier | Self Copier | Anti Copier | Random,Anti Copier,30,0.02,7,59
12,3v1,Leader Copier | Self Copier | Anti Copier | Random,Random 1,10,0.005,3,32
12,3v1,Leader Copier | Self Copier | Anti Copier | Random,Random 1,10,0.01,3,26
12,3v1,Leader Copier | Self Copier | Anti Copier | Random,Random 1,10,0.02,3,20
12,3v1,Leader Copier | Self Copier | Anti Copier | Random,Random 1,20,0.005,5,48
12,3v1,Leader Copier | Self Copier | Anti Copier | Random,Random 1,20,0.01,5,39
12,3v1,Leader Copier | Self Copier | Anti Copier | Random,Random 1,20,0.02,5,32
12,3v1,Leader Copier | Self Copier | Anti Copier | Random,Random 1,30,0.005,7,63
12,3v1,Leader Copier | Self Copier | Anti Copier | Random,Random 1,30,0.01,7,51
12,3v1,Leader Copier | Self Copier | Anti Copier | Random,Random 1,30,0.02,7,43
13,3v1,Leader Copier | Frequency Copier | Anti Copier | Random,Leader Copier,10,0.005,3,65
13,3v1,Leader Copier | Frequency Copier | Anti Copier | Random,Leader Copier,10,0.01,3,45
13,3v1,Leader Copier | Frequency Copier | Anti Copier | Random,Leader Copier,10,0.02,3,34
13,3v1,Leader Copier | Frequency Copier | Anti Copier | Random,Leader Copier,20,0.005,5,91
13,3v1,Leader Copier | Frequency Copier | Anti Copier | Random,Leader Copier,20,0.01,5,68
13,3v1,Leader Copier | Frequency Copier | Anti Copier | Random,Leader Copier,20,0.02,5,52
13,3v1,Leader Copier | Frequency Copier | Anti Copier | Random,Leader Copier,30,0.005,7,
13,3v1,Leader Copier | Frequency Copier | Anti Copier | Random,Leader Copier,30,0.01,7,87
13,3v1,Leader Copier | Frequency Copier | Anti Copier | Random,Leader Copier,30,0.02,7,66
13,3v1,Leader Copier | Frequency Copier | Anti Copier | Random,Frequency Copier,10,0.005,3,33
13,3v1,Leader Copier | Frequency Copier | Anti Copier | Random,Frequency Copier,10,0.01,3,26
13,3v1,Leader Copier | Frequency Copier | Anti Copier | Random,Frequency Copier,10,0.02,3,17
13,3v1,Leader Copier | Frequency Copier | Anti Copier | Random,Frequency Copier,20,0.005,5,53
13,3v1,Leader Copier | Frequency Copier | Anti Copier | Random,Frequency Copier,20,0.01,5,39
13,3v1,Leader Copier | Frequency Copier | Anti Copier | Random,Frequency Copier,20,0.02,5,31
13,3v1,Leader Copier | Frequency Copier | Anti Copier | Random,Frequency Copier,30,0.005,7,70
13,3v1,Leader Copier | Frequency Copier | Anti Copier | Random,Frequency Copier,30,0.01,7,53
13,3v1,Leader Copier | Frequency Copier | Anti Copier | Random,Frequency Copier,30,0.02,7,43
13,3v1,Leader Copier | Frequency Copier | Anti Copier | Random,Anti Copier,10,0.005,3,55
13,3v1,Leader Copier | Frequency Copier | Anti Copier | Random,Anti Copier,10,0.01,3,39
13,3v1,Leader Copier | Frequency Copier | Anti Copier | Random,Anti Copier,10,0.02,3,30
13,3v1,Leader Copier | Frequency Copier | Anti Copier | Random,Anti Copier,20,0.005,5,80
13,3v1,Leader Copier | Frequency Copier | Anti Copier | Random,Anti Copier,20,0.01,5,62
13,3v1,Leader Copier | Frequency Copier | Anti Copier | Random,Anti Copier,20,0.02,5,45
13,3v1,Leader Copier | Frequency Copier | Anti Copier | Random,Anti Copier,30,0.005,7,
13,3v1,Leader Copier | Frequency Copier | Anti Copier | Random,Anti Copier,30,0.01,7,78
13,3v1,Leader Copier | Frequency Copier | Anti Copier | Random,Anti Copier,30,0.02,7,60
13,3v1,Leader Copier | Frequency Copier | Anti Copier | Random,Random 1,10,0.005,3,46
13,3v1,Leader Copier | Frequency Copier | Anti Copier | Random,Random 1,10,0.01,3,32
13,3v1,Leader Copier | Frequency Copier | Anti Copier | Random,Random 1,10,0.02,3,23
13,3v1,Leader Copier | Frequency Copier | Anti Copier | Random,Random 1,20,0.005,5,67
13,3v1,Leader Copier | Frequency Copier | Anti Copier | Random,Random 1,20,0.01,5,51
13,3v1,Leader Copier | Frequency Copier | Anti Copier | Random,Random 1,20,0.02,5,38
13,3v1,Leader Copier | Frequency Copier | Anti Copier | Random,Random 1,30,0.005,7,83
13,3v1,Leader Copier | Frequency Copier | Anti Copier | Random,Random 1,30,0.01,7,66
13,3v1,Leader Copier | Frequency Copier | Anti Copier | Random,Random 1,30,0.02,7,52
14,3v1,Self Copier | Frequency Copier | Anti Copier | Random,Self Copier,10,0.005,3,14
14,3v1,Self Copier | Frequency Copier | Anti Copier | Random,Self Copier,10,0.01,3,14
14,3v1,Self Copier | Frequency Copier | Anti Copier | Random,Self Copier,10,0.02,3,14
14,3v1,Self Copier | Frequency Copier | Anti Copier | Random,Self Copier,20,0.005,5,24
14,3v1,Self Copier | Frequency Copier | Anti Copier | Random,Self Copier,20,0.01,5,24
14,3v1,Self Copier | Frequency Copier | Anti Copier | Random,Self Copier,20,0.02,5,24
14,3v1,Self Copier | Frequency Copier | Anti Copier | Random,Self Copier,30,0.005,7,34
14,3v1,Self Copier | Frequency Copier | Anti Copier | Random,Self Copier,30,0.01,7,34
14,3v1,Self Copier | Frequency Copier | Anti Copier | Random,Self Copier,30,0.02,7,34
14,3v1,Self Copier | Frequency Copier | Anti Copier | Random,Frequency Copier,10,0.005,3,28
14,3v1,Self Copier | Frequency Copier | Anti Copier | Random,Frequency Copier,10,0.01,3,23
14,3v1,Self Copier | Frequency Copier | Anti Copier | Random,Frequency Copier,10,0.02,3,19
14,3v1,Self Copier | Frequency Copier | Anti Copier | Random,Frequency Copier,20,0.005,5,47
14,3v1,Self Copier | Frequency Copier | Anti Copier | Random,Frequency Copier,20,0.01,5,36
14,3v1,Self Copier | Frequency Copier | Anti Copier | Random,Frequency Copier,20,0.02,5,30
14,3v1,Self Copier | Frequency Copier | Anti Copier | Random,Frequency Copier,30,0.005,7,62
14,3v1,Self Copier | Frequency Copier | Anti Copier | Random,Frequency Copier,30,0.01,7,48
14,3v1,Self Copier | Frequency Copier | Anti Copier | Random,Frequency Copier,30,0.02,7,41
14,3v1,Self Copier | Frequency Copier | Anti Copier | Random,Anti Copier,10,0.005,3,31
14,3v1,Self Copier | Frequency Copier | Anti Copier | Random,Anti Copier,10,0.01,3,25
14,3v1,Self Copier | Frequency Copier | Anti Copier | Random,Anti Copier,10,0.02,3,20
14,3v1,Self Copier | Frequency Copier | Anti Copier | Random,Anti Copier,20,0.005,5,48
14,3v1,Self Copier | Frequency Copier | Anti Copier | Random,Anti Copier,20,0.01,5,38
14,3v1,Self Copier | Frequency Copier | Anti Copier | Random,Anti Copier,20,0.02,5,32
14,3v1,Self Copier | Frequency Copier | Anti Copier | Random,Anti Copier,30,0.005,7,61
14,3v1,Self Copier | Frequency Copier | Anti Copier | Random,Anti Copier,30,0.01,7,50
14,3v1,Self Copier | Frequency Copier | Anti Copier | Random,Anti Copier,30,0.02,7,43
14,3v1,Self Copier | Frequency Copier | Anti Copier | Random,Random 1,10,0.005,3,35
14,3v1,Self Copier | Frequency Copier | Anti Copier | Random,Random 1,10,0.01,3,23
14,3v1,Self Copier | Frequency Copier | Anti Copier | Random,Random 1,10,0.02,3,19
14,3v1,Self Copier | Frequency Copier | Anti Copier | Random,Random 1,20,0.005,5,51
14,3v1,Self Copier | Frequency Copier | Anti Copier | Random,Random 1,20,0.01,5,40
14,3v1,Self Copier | Frequency Copier | Anti Copier | Random,Random 1,20,0.02,5,31
14,3v1,Self Copier | Frequency Copier | Anti Copier | Random,Random 1,30,0.005,7,66
14,3v1,Self Copier | Frequency Copier | Anti Copier | Random,Random 1,30,0.01,7,52
14,3v1,Self Copier | Frequency Copier | Anti Copier | Random,Random 1,30,0.02,7,42
15,4v0,Leader Copier | Self Copier | Frequency Copier | Anti Copier,Leader Copier,10,0.005,3,
15,4v0,Leader Copier | Self Copier | Frequency Copier | Anti Copier,Leader Copier,10,0.01,3,
15,4v0,Leader Copier | Self Copier | Frequency Copier | Anti Copier,Leader Copier,10,0.02,3,95
15,4v0,Leader Copier | Self Copier | Frequency Copier | Anti Copier,Leader Copier,20,0.005,5,
15,4v0,Leader Copier | Self Copier | Frequency Copier | Anti Copier,Leader Copier,20,0.01,5,
15,4v0,Leader Copier | Self Copier | Frequency Copier | Anti Copier,Leader Copier,20,0.02,5,
15,4v0,Leader Copier | Self Copier | Frequency Copier | Anti Copier,Leader Copier,30,0.005,7,
15,4v0,Leader Copier | Self Copier | Frequency Copier | Anti Copier,Leader Copier,30,0.01,7,
15,4v0,Leader Copier | Self Copier | Frequency Copier | Anti Copier,Leader Copier,30,0.02,7,
15,4v0,Leader Copier | Self Copier | Frequency Copier | Anti Copier,Self Copier,10,0.005,3,
15,4v0,Leader Copier | Self Copier | Frequency Copier | Anti Copier,Self Copier,10,0.01,3,
15,4v0,Leader Copier | Self Copier | Frequency Copier | Anti Copier,Self Copier,10,0.02,3,86
15,4v0,Leader Copier | Self Copier | Frequency Copier | Anti Copier,Self Copier,20,0.005,5,
15,4v0,Leader Copier | Self Copier | Frequency Copier | Anti Copier,Self Copier,20,0.01,5,
15,4v0,Leader Copier | Self Copier | Frequency Copier | Anti Copier,Self Copier,20,0.02,5,
15,4v0,Leader Copier | Self Copier | Frequency Copier | Anti Copier,Self Copier,30,0.005,7,
15,4v0,Leader Copier | Self Copier | Frequency Copier | Anti Copier,Self Copier,30,0.01,7,
15,4v0,Leader Copier | Self Copier | Frequency Copier | Anti Copier,Self Copier,30,0.02,7,
15,4v0,Leader Copier | Self Copier | Frequency Copier | Anti Copier,Frequency Copier,10,0.005,3,
15,4v0,Leader Copier | Self Copier | Frequency Copier | Anti Copier,Frequency Copier,10,0.01,3,
15,4v0,Leader Copier | Self Copier | Frequency Copier | Anti Copier,Frequency Copier,10,0.02,3,78
15,4v0,Leader Copier | Self Copier | Frequency Copier | Anti Copier,Frequency Copier,20,0.005,5,
15,4v0,Leader Copier | Self Copier | Frequency Copier | Anti Copier,Frequency Copier,20,0.01,5,
15,4v0,Leader Copier | Self Copier | Frequency Copier | Anti Copier,Frequency Copier,20,0.02,5,
15,4v0,Leader Copier | Self Copier | Frequency Copier | Anti Copier,Frequency Copier,30,0.005,7,
15,4v0,Leader Copier | Self Copier | Frequency Copier | Anti Copier,Frequency Copier,30,0.01,7,
15,4v0,Leader Copier | Self Copier | Frequency Copier | Anti Copier,Frequency Copier,30,0.02,7,
15,4v0,Leader Copier | Self Copier | Frequency Copier | Anti Copier,Anti Copier,10,0.005,3,
15,4v0,Leader Copier | Self Copier | Frequency Copier | Anti Copier,Anti Copier,10,0.01,3,
15,4v0,Leader Copier | Self Copier | Frequency Copier | Anti Copier,Anti Copier,10,0.02,3,
15,4v0,Leader Copier | Self Copier | Frequency Copier | Anti Copier,Anti Copier,20,0.005,5,
15,4v0,Leader Copier | Self Copier | Frequency Copier | Anti Copier,Anti Copier,20,0.01,5,
15,4v0,Leader Copier | Self Copier | Frequency Copier | Anti Copier,Anti Copier,20,0.02,5,
15,4v0,Leader Copier | Self Copier | Frequency Copier | Anti Copier,Anti Copier,30,0.005,7,
15,4v0,Leader Copier | Self Copier | Frequency Copier | Anti Copier,Anti Copier,30,0.01,7,
15,4v0,Leader Copier | Self Copier | Frequency Copier | Anti Copier,Anti Copier,30,0.02,7,
